<?xml version="1.0" encoding="UTF-8"?>
<ti:app xmlns:ti="http://ti.appcelerator.org">
    <id>com.gimdongwoo.app.gcmtest</id>
    <name>GcmTest</name>
    <version>1.0</version>
    <publisher>not specified</publisher>
    <url>http://www.close-to.biz/</url>
    <description>not specified</description>
    <copyright>not specified</copyright>
    <icon>appicon.png</icon>
    <fullscreen>false</fullscreen>
    <navbar-hidden>false</navbar-hidden>
    <analytics>false</analytics>
    <guid>a32b219d-41d2-4778-9444-1da8c0d3ad78</guid>
    <property name="ti.ui.defaultunit" type="string">dp</property>
    <property name="GCM_sender_id" type="string">1001731163025</property>
    <property name="ti.android.debug" type="bool">true</property>
    <ios>
        <plist>
            <dict>
                <key>UISupportedInterfaceOrientations~iphone</key>
                <array>
                    <string>UIInterfaceOrientationPortrait</string>
                </array>
                <key>UISupportedInterfaceOrientations~ipad</key>
                <array>
                    <string>UIInterfaceOrientationPortrait</string>
                    <string>UIInterfaceOrientationPortraitUpsideDown</string>
                    <string>UIInterfaceOrientationLandscapeLeft</string>
                    <string>UIInterfaceOrientationLandscapeRight</string>
                </array>
                <key>UIRequiresPersistentWiFi</key>
                <false/>
                <key>UIPrerenderedIcon</key>
                <false/>
                <key>UIStatusBarHidden</key>
                <false/>
                <key>UIStatusBarStyle</key>
                <string>UIStatusBarStyleDefault</string>
            </dict>
        </plist>
    </ios>
    <android xmlns:android="http://schemas.android.com/apk/res/android">
        <manifest android:versionCode="1" android:versionName="1.0" xmlns:android="http://schemas.android.com/apk/res/android">
            <uses-sdk android:minSdkVersion="14" android:targetSdkVersion="23"/>
            <application android:debuggable="true" android:theme="@style/Theme.AppCompat">
                <activity
                    android:configChanges="keyboardHidden|orientation|screenSize"
                    android:label="@string/app_name"
                    android:name=".GcmtestActivity" android:theme="@style/Theme.Titanium">
                    <intent-filter>
                        <action android:name="android.intent.action.MAIN"/>
                        <category android:name="android.intent.category.LAUNCHER"/>
                    </intent-filter>
                    <intent-filter>
                        <action android:name="android.intent.action.VIEW"/>
                        <category android:name="android.intent.category.LAUNCHER"/>
                        <category android:name="android.intent.category.DEFAULT"/>
                        <category android:name="android.intent.category.BROWSABLE"/>
                        <data android:scheme="gcmtest"/>
                    </intent-filter>
                </activity>
            </application>
            <uses-permission android:name="android.permission.ACCESS_WIFI_STATE"/>
            <uses-permission android:name="android.permission.ACCESS_NETWORK_STATE"/>
            <uses-permission android:name="android.permission.WRITE_EXTERNAL_STORAGE"/>
        </manifest>
    </android>
    <modules>
        <module platform="android">net.iamyellow.gcmjs</module>
    </modules>
    <deployment-targets>
        <target device="android">true</target>
        <target device="ipad">false</target>
        <target device="iphone">false</target>
    </deployment-targets>
    <sdk-version>7.0.1.GA</sdk-version>
    <plugins>
        <plugin version="1.0">ti.alloy</plugin>
    </plugins>
</ti:app>
